Question,Answer
1. What is correlation in statistics and how is it measured?,"Correlation in statistics is a measure that expresses the extent to which two variables are linearly related. It is commonly used to describe simple relationships without implying causation. Correlation coefficients range from -1 to 1, with 0 indicating no linear relationship, 1 indicating a perfect positive linear relationship, and -1 indicating a perfect negative linear relationship. Correlation is measured using correlation coefficients."
2. What does a correlation coefficient of 0 indicate?,"A correlation coefficient of 0 indicates that there is no linear relationship between the two variables being studied. In other words, there is no correlation between the variables."
3. How can correlation be used to identify relationships between variables?,"Correlation can be used to identify relationships between variables by measuring the extent to which two variables are linearly related. A correlation coefficient is calculated, which ranges from -1 to 1. A value of 0 indicates no linear relationship, a value of 1 indicates a perfect positive linear relationship, and a value of -1 indicates a perfect negative linear relationship. By analyzing the correlation coefficient, one can determine if there is a positive or negative relationship between the variables, helping to understand the connections between different factors in a system."
4. How can correlation be used to make predictions in various fields?,"Correlation can be used to make predictions in various fields by identifying strong relationships between two variables. If there is a strong correlation between two variables, it is possible to use the value of one variable to predict the value of the other variable. This predictive power can be utilized in fields such as business, finance, medicine, and psychology to forecast outcomes, trends, or behaviors based on the correlation between different factors."
5. How is correlation used to develop causal models?,"Correlation is used as a starting point for developing causal models by identifying relationships between variables. Once a correlation is established between two variables, further research and analysis can be conducted to determine if there is a causal relationship between them. Causal models describe how changes in one variable cause changes in other variables. By understanding the correlation between variables, researchers can investigate potential causal relationships and develop more accurate predictions and interventions to change specific variables."
"6. In what fields is correlation commonly used, and how is it applied in each field?","Correlation is commonly used in various fields such as Business, Finance, Medicine, and Psychology. Here is how it is applied in each field:

1. **Business**: Correlation is used to identify relationships between different business variables like sales, advertising spending, and customer satisfaction. This information helps in making better business decisions, such as how to allocate marketing resources effectively.

2. **Finance**: In finance, correlation is used to identify relationships between different financial assets like stocks, bonds, and commodities. This information is crucial for building diversified portfolios that reduce risk.

3. **Medicine**: Correlation is applied in medicine to identify relationships between different medical variables such as risk factors for diseases and the effectiveness of treatments. This information is used to improve prevention, diagnosis, and treatment of diseases.

4. **Psychology**: In psychology, correlation is used to identify relationships between different psychological variables like personality traits, cognitive abilities, and mental disorders. This information helps in developing better psychological assessments and treatments.

These fields utilize correlation to understand relationships between variables, make predictions, and develop models that can lead to better decision-making and outcomes."
"7. Provide examples of how correlation is used in the real world in marketing, finance, medicine, and psychology.","1. **Marketing:** A marketing manager might use correlation to identify the relationship between advertising spending and sales. This information could be used to decide how much money to allocate to advertising.
  
2. **Finance:** A financial analyst might use correlation to identify the relationship between the returns of different stocks. This information could be used to build a portfolio of stocks that is diversified and has a lower overall risk.
  
3. **Medicine:** A medical researcher might use correlation to identify the relationship between smoking and lung cancer. This information could be used to develop public health campaigns to discourage smoking.
  
4. **Psychology:** A psychologist might use correlation to identify the relationship between anxiety and depression. This information could be used to develop more effective treatments for anxiety and depression."
8. Why is it important to note that correlation does not equal causation?,"It is important to note that correlation does not equal causation because just because two variables are correlated, it does not necessarily mean that one variable causes the other. There could be a third variable influencing both variables, creating a misleading correlation. Understanding this distinction is crucial to avoid making incorrect assumptions or decisions based solely on correlation."
9. What is an example provided in the text to illustrate the concept that correlation does not imply causation?,"An example provided in the text to illustrate the concept that correlation does not imply causation is the correlation between ice cream sales and shark attacks. The text explains that there is a strong correlation between these two variables, but it does not mean that eating ice cream causes shark attacks. Instead, there is likely a third variable, such as hot weather, that causes both ice cream sales and shark attacks to increase."
"10. Overall, how is correlation described as a powerful statistical tool and what are its main applications?","Correlation is described as a powerful statistical tool because it can be used to identify relationships between variables, make predictions, and develop causal models. Its main applications include identifying relationships between different factors in complex systems, making predictions in various fields like business, finance, and medicine, and developing causal models to understand how changes in one variable cause changes in others. Correlation is used in a wide variety of fields to make better decisions and improve outcomes."
